{
  "total_samples": 7884,
  "feature_dim": 768,
  "extraction_date": "2026-01-17 18:06:38",
  "matched_count": 7640,
  "missing_count": 244,
  "match_rate": "96.9%",
  "feature_mean": 0.004969289060682058,
  "feature_std": 0.8086888194084167,
  "zero_samples": 0
}