{
  "total_samples": 1001,
  "feature_dim": 768,
  "extraction_date": "2026-01-29 01:02:36",
  "matched_count": 902,
  "missing_count": 99,
  "match_rate": "90.1%",
  "feature_mean": 0.004987592343240976,
  "feature_std": 0.8094773888587952,
  "zero_samples": 0
}